[
  {
    "value": "Waterpark",
    "synonyms": [
      "Waterpark",
      "Indoor Waterpark"
    ]
  },
  {
    "value": "Marula",
    "synonyms": [
      "Marula"
    ]
  },
  {
    "value": "Ironwood",
    "synonyms": [
      "Ironwood"
    ]
  },
  {
    "value": "Crown Palm",
    "synonyms": [
      "Crown Palm"
    ]
  },
  {
    "value": "F",
    "synonyms": [
      "F"
    ]
  },
  {
    "value": "Aralia",
    "synonyms": [
      "Aralia"
    ]
  },
  {
    "value": "Aloeswood",
    "synonyms": [
      "Aloeswood"
    ]
  },
  {
    "value": "Keynote",
    "synonyms": [
      "Keynote"
    ]
  },
  {
    "value": "Bamboo",
    "synonyms": [
      "Bamboo"
    ]
  },
  {
    "value": "Ebony",
    "synonyms": [
      "Ebony"
    ]
  },
  {
    "value": "E",
    "synonyms": [
      "E"
    ]
  },
  {
    "value": "Tamarind",
    "synonyms": [
      "Tamarind"
    ]
  },
  {
    "value": "C",
    "synonyms": [
      "C"
    ]
  },
  {
    "value": "Tamboti",
    "synonyms": [
      "Tamboti"
    ]
  },
  {
    "value": "Open Spaces",
    "synonyms": [
      "Open Spaces",
      "Open Space"
    ]
  },
  {
    "value": "D",
    "synonyms": [
      "D"
    ]
  },
  {
    "value": "Banyan",
    "synonyms": [
      "Banyan"
    ]
  },
  {
    "value": "Empress",
    "synonyms": [
      "Empress"
    ]
  },
  {
    "value": "Mangrove",
    "synonyms": [
      "Mangrove"
    ]
  },
  {
    "value": "Cypress",
    "synonyms": [
      "Cypress"
    ]
  },
  {
    "value": "Acacia",
    "synonyms": [
      "Acacia"
    ]
  },
  {
    "value": "Mess Hall",
    "synonyms": [
      "Mess Hall"
    ]
  },
  {
    "value": "Registration",
    "synonyms": [
      "Registration"
    ]
  }
]