[
  {
    "id": "b35a505c-3551-4ee0-9adc-052cf2099ff5",
    "data": [
      {
        "text": "help",
        "userDefined": false
      }
    ],
    "isTemplate": false,
    "count": 0,
    "updated": 1532976561
  },
  {
    "id": "76aacb2b-7e76-4095-a495-d6088fbe1577",
    "data": [
      {
        "text": "help me",
        "userDefined": false
      }
    ],
    "isTemplate": false,
    "count": 0,
    "updated": 1532976561
  },
  {
    "id": "9a04de63-7ff6-4d48-87c1-d81591d178b9",
    "data": [
      {
        "text": "Now what?",
        "userDefined": false
      }
    ],
    "isTemplate": false,
    "count": 0,
    "updated": 1529938248
  },
  {
    "id": "66afa9c1-403d-4caa-bac0-b851bacae0c2",
    "data": [
      {
        "text": "How does this work?",
        "userDefined": false
      }
    ],
    "isTemplate": false,
    "count": 0,
    "updated": 1529938248
  },
  {
    "id": "c918d461-0568-49ae-87e6-a142b4ea5071",
    "data": [
      {
        "text": "What can you do?",
        "userDefined": false
      }
    ],
    "isTemplate": false,
    "count": 0,
    "updated": 1529938248
  },
  {
    "id": "b2139b73-68a5-411e-9af9-c6251ab3b6f9",
    "data": [
      {
        "text": "What does this do?",
        "userDefined": false
      }
    ],
    "isTemplate": false,
    "count": 0,
    "updated": 1529938248
  }
]