[
  {
    "id": "73022a9c-c93e-4e57-ab45-77f96a8d8f8b",
    "data": [
      {
        "text": "basic response",
        "userDefined": false
      }
    ],
    "isTemplate": false,
    "count": 0,
    "updated": 1532975829
  },
  {
    "id": "1e92b7b2-bcb2-4578-b608-d8ec3831bc33",
    "data": [
      {
        "text": "tell me a basic response",
        "userDefined": false
      }
    ],
    "isTemplate": false,
    "count": 0,
    "updated": 1532975829
  },
  {
    "id": "5396f5d7-6291-4190-821f-d0ad72384145",
    "data": [
      {
        "text": "give me a basic response",
        "userDefined": false
      }
    ],
    "isTemplate": false,
    "count": 0,
    "updated": 1532975829
  }
]