[
  {
    "id": "ef783422-a966-414a-99be-6968ad3329ea",
    "data": [
      {
        "text": "exactly",
        "userDefined": false
      }
    ],
    "isTemplate": false,
    "count": 1,
    "updated": 1532979467
  },
  {
    "id": "ba40e441-9ed2-41e5-9c91-7f0820396014",
    "data": [
      {
        "text": "why not",
        "userDefined": false
      }
    ],
    "isTemplate": false,
    "count": 0,
    "updated": 1532979467
  },
  {
    "id": "fc6aef76-5014-4b0b-bed5-552ff764731b",
    "data": [
      {
        "text": "okay I will",
        "userDefined": false
      }
    ],
    "isTemplate": false,
    "count": 2,
    "updated": 1532979467
  },
  {
    "id": "3a5acf11-520a-478c-bd9c-824be1e8d8ca",
    "data": [
      {
        "text": "alright",
        "userDefined": false
      }
    ],
    "isTemplate": false,
    "count": 0,
    "updated": 1532979467
  },
  {
    "id": "b31f993f-fca7-4d15-836a-7f10c1b3c98b",
    "data": [
      {
        "text": "confirm",
        "userDefined": false
      }
    ],
    "isTemplate": false,
    "count": 1,
    "updated": 1532979467
  },
  {
    "id": "c393718a-a25b-4d3d-9eb2-a78d7d83d6f6",
    "data": [
      {
        "text": "yes",
        "userDefined": false
      }
    ],
    "isTemplate": false,
    "count": 1,
    "updated": 1532979467
  },
  {
    "id": "312b081d-a9a0-490d-9dbc-53f54774ace4",
    "data": [
      {
        "text": "okay",
        "userDefined": false
      }
    ],
    "isTemplate": false,
    "count": 1,
    "updated": 1532979467
  },
  {
    "id": "89301854-99c9-4b21-9e58-9008ecd2e335",
    "data": [
      {
        "text": "that one works",
        "userDefined": false
      }
    ],
    "isTemplate": false,
    "count": 0,
    "updated": 1532979467
  },
  {
    "id": "8fd31921-40d8-4561-9528-2f4c0ed8a4f9",
    "data": [
      {
        "text": "yes that\u0027s alright",
        "userDefined": false
      }
    ],
    "isTemplate": false,
    "count": 0,
    "updated": 1532979467
  },
  {
    "id": "81c9301d-1ad2-4429-ad4f-56b4a33c18cd",
    "data": [
      {
        "text": "I agree",
        "userDefined": false
      }
    ],
    "isTemplate": false,
    "count": 2,
    "updated": 1532979467
  },
  {
    "id": "a2281ac3-ea14-4144-9ebf-522acb9af7f3",
    "data": [
      {
        "text": "yep that\u0027s right",
        "userDefined": false
      }
    ],
    "isTemplate": false,
    "count": 1,
    "updated": 1532979467
  },
  {
    "id": "d0488661-7b43-4d1a-be01-b03872444faf",
    "data": [
      {
        "text": "do it",
        "userDefined": false
      }
    ],
    "isTemplate": false,
    "count": 1,
    "updated": 1532979467
  },
  {
    "id": "68c2c993-774a-4505-935a-8a1115b1a693",
    "data": [
      {
        "text": "yep that\u0027s ok",
        "userDefined": false
      }
    ],
    "isTemplate": false,
    "count": 0,
    "updated": 1532979467
  },
  {
    "id": "a3e82f97-1105-4ad1-9c7c-d1ff59b29320",
    "data": [
      {
        "text": "yes I can",
        "userDefined": false
      }
    ],
    "isTemplate": false,
    "count": 0,
    "updated": 1532979467
  },
  {
    "id": "92f8aa3c-a7d4-47dc-940e-7e513787c1b3",
    "data": [
      {
        "text": "yes I do",
        "userDefined": false
      }
    ],
    "isTemplate": false,
    "count": 0,
    "updated": 1532979467
  },
  {
    "id": "3c186dc9-d6b5-4af4-8a6e-d571fa415a19",
    "data": [
      {
        "text": "yes you can do it",
        "userDefined": false
      }
    ],
    "isTemplate": false,
    "count": 0,
    "updated": 1532979467
  },
  {
    "id": "d72220fd-55dd-4856-9917-c361d9aab88c",
    "data": [
      {
        "text": "sounds good",
        "userDefined": false
      }
    ],
    "isTemplate": false,
    "count": 0,
    "updated": 1532979467
  },
  {
    "id": "3cbe33b7-e261-4ba9-ae0c-285c11b30421",
    "data": [
      {
        "text": "that works",
        "userDefined": false
      }
    ],
    "isTemplate": false,
    "count": 0,
    "updated": 1532979467
  },
  {
    "id": "4264396e-e951-4b37-b27b-f46bede17631",
    "data": [
      {
        "text": "of course",
        "userDefined": false
      }
    ],
    "isTemplate": false,
    "count": 0,
    "updated": 1532979467
  },
  {
    "id": "8503ce65-1fe7-4d00-abea-46749b398f03",
    "data": [
      {
        "text": "perfect",
        "userDefined": false
      }
    ],
    "isTemplate": false,
    "count": 0,
    "updated": 1532979467
  },
  {
    "id": "342daaea-1f05-4b60-b24a-61357d8a01e6",
    "data": [
      {
        "text": "absolutely",
        "userDefined": false
      }
    ],
    "isTemplate": false,
    "count": 1,
    "updated": 1532979467
  },
  {
    "id": "03e1221e-999d-4314-9e6a-48a1da6dd258",
    "data": [
      {
        "text": "yes that\u0027t ok",
        "userDefined": false
      }
    ],
    "isTemplate": false,
    "count": 0,
    "updated": 1532979467
  },
  {
    "id": "594e660f-a6a6-4f44-adde-2fb62cf4bd19",
    "data": [
      {
        "text": "for sure",
        "userDefined": false
      }
    ],
    "isTemplate": false,
    "count": 0,
    "updated": 1532979467
  },
  {
    "id": "a832a2e1-0ac9-4752-9eec-c00e782687d3",
    "data": [
      {
        "text": "I don\u0027t mind",
        "userDefined": false
      }
    ],
    "isTemplate": false,
    "count": 3,
    "updated": 1532979467
  },
  {
    "id": "0fab318d-c783-4b7a-b771-7521b1678b57",
    "data": [
      {
        "text": "ok",
        "userDefined": false
      }
    ],
    "isTemplate": false,
    "count": 1,
    "updated": 1532979467
  },
  {
    "id": "0c524617-dcbe-446e-b41e-6c230db406aa",
    "data": [
      {
        "text": "sounds correct",
        "userDefined": false
      }
    ],
    "isTemplate": false,
    "count": 1,
    "updated": 1532979467
  },
  {
    "id": "e9ae7e4a-41da-44a0-ae20-e326c85f2ad1",
    "data": [
      {
        "text": "that\u0027s correct",
        "userDefined": false
      }
    ],
    "isTemplate": false,
    "count": 0,
    "updated": 1532979467
  },
  {
    "id": "7caacba9-1fbd-425e-acbf-ff2fe489e879",
    "data": [
      {
        "text": "it\u0027s okay",
        "userDefined": false
      }
    ],
    "isTemplate": false,
    "count": 0,
    "updated": 1532979467
  },
  {
    "id": "dafa4c9d-4baa-484f-932f-786d433881bf",
    "data": [
      {
        "text": "sure why not",
        "userDefined": false
      }
    ],
    "isTemplate": false,
    "count": 0,
    "updated": 1532979467
  },
  {
    "id": "3e3c3646-0678-4d4c-80a8-938edcce3218",
    "data": [
      {
        "text": "sure",
        "userDefined": false
      }
    ],
    "isTemplate": false,
    "count": 2,
    "updated": 1532979467
  },
  {
    "id": "cae04881-66bc-48eb-8ba7-ddcb52450071",
    "data": [
      {
        "text": "alright why not",
        "userDefined": false
      }
    ],
    "isTemplate": false,
    "count": 0,
    "updated": 1532979467
  },
  {
    "id": "955ccf91-2796-406f-9e8a-0b7c1c0f885c",
    "data": [
      {
        "text": "sg",
        "userDefined": false
      }
    ],
    "isTemplate": false,
    "count": 0,
    "updated": 1532979467
  },
  {
    "id": "6f0a2d93-ddb2-47c2-9a9e-615c9e243deb",
    "data": [
      {
        "text": "yeah",
        "userDefined": false
      }
    ],
    "isTemplate": false,
    "count": 0,
    "updated": 1532979467
  },
  {
    "id": "5baa7054-9987-4879-960c-6ed84eeea935",
    "data": [
      {
        "text": "go ahead",
        "userDefined": false
      }
    ],
    "isTemplate": false,
    "count": 1,
    "updated": 1532979467
  },
  {
    "id": "e189d790-99ce-49ee-9354-aa18e5e3f9c4",
    "data": [
      {
        "text": "right",
        "userDefined": false
      }
    ],
    "isTemplate": false,
    "count": 0,
    "updated": 1532979467
  },
  {
    "id": "9d39c04e-f96f-4d2f-ae86-711704efe7ad",
    "data": [
      {
        "text": "yup",
        "userDefined": false
      }
    ],
    "isTemplate": false,
    "count": 0,
    "updated": 1532979467
  },
  {
    "id": "7041a782-d0cb-4361-b5d9-b8488629db1d",
    "data": [
      {
        "text": "I think so",
        "userDefined": false
      }
    ],
    "isTemplate": false,
    "count": 0,
    "updated": 1532979467
  },
  {
    "id": "390092ef-b985-441e-b580-74867bbb21f0",
    "data": [
      {
        "text": "it looks perfect",
        "userDefined": false
      }
    ],
    "isTemplate": false,
    "count": 0,
    "updated": 1532979467
  },
  {
    "id": "7590da9f-0c20-43e0-ac63-530bead4d718",
    "data": [
      {
        "text": "yes I agree",
        "userDefined": false
      }
    ],
    "isTemplate": false,
    "count": 1,
    "updated": 1532979467
  },
  {
    "id": "49c05523-0540-4cd7-997a-0c10eabc5a59",
    "data": [
      {
        "text": "yes please",
        "userDefined": false
      }
    ],
    "isTemplate": false,
    "count": 0,
    "updated": 1532979467
  },
  {
    "id": "32f11d3a-0652-4f69-808d-8067d4457742",
    "data": [
      {
        "text": "it\u0027s fine",
        "userDefined": false
      }
    ],
    "isTemplate": false,
    "count": 0,
    "updated": 1532979467
  },
  {
    "id": "c5633fc3-1230-4106-9315-641247cb3163",
    "data": [
      {
        "text": "yep",
        "userDefined": false
      }
    ],
    "isTemplate": false,
    "count": 0,
    "updated": 1532979467
  }
]