[
  {
    "id": "b782fe5c-cc33-460d-8925-f913ffa8ed78",
    "data": [
      {
        "text": "thanks but no",
        "userDefined": false
      }
    ],
    "isTemplate": false,
    "count": 0,
    "updated": 1532980024
  },
  {
    "id": "fd214903-43b4-4126-aced-220f0dd43abb",
    "data": [
      {
        "text": "no way",
        "userDefined": false
      }
    ],
    "isTemplate": false,
    "count": 0,
    "updated": 1532980024
  },
  {
    "id": "54a73211-a0c9-4c17-a302-753da825a759",
    "data": [
      {
        "text": "no",
        "userDefined": false
      }
    ],
    "isTemplate": false,
    "count": 2,
    "updated": 1532980024
  },
  {
    "id": "32e3f615-0b41-4c54-b04d-2fec17b6ef23",
    "data": [
      {
        "text": "no no don\u0027t",
        "userDefined": false
      }
    ],
    "isTemplate": false,
    "count": 0,
    "updated": 1532980024
  },
  {
    "id": "8b36937d-deff-482e-93f9-4ea4c22cce8a",
    "data": [
      {
        "text": "na",
        "userDefined": false
      }
    ],
    "isTemplate": false,
    "count": 0,
    "updated": 1532980024
  },
  {
    "id": "9ec9bd83-6102-459e-8f1a-70137f36aa0b",
    "data": [
      {
        "text": "no it isn\u0027t",
        "userDefined": false
      }
    ],
    "isTemplate": false,
    "count": 1,
    "updated": 1532980024
  },
  {
    "id": "159248be-adbc-44d4-937b-4e0b25fd2521",
    "data": [
      {
        "text": "don\u0027t",
        "userDefined": false
      }
    ],
    "isTemplate": false,
    "count": 0,
    "updated": 1532980024
  },
  {
    "id": "ea495ede-23e7-4e6a-ad38-00cdad5b7a3d",
    "data": [
      {
        "text": "nah I\u0027m good",
        "userDefined": false
      }
    ],
    "isTemplate": false,
    "count": 1,
    "updated": 1532980024
  },
  {
    "id": "6ec9965f-1fb8-4769-9243-0255728c500e",
    "data": [
      {
        "text": "no I cannot",
        "userDefined": false
      }
    ],
    "isTemplate": false,
    "count": 1,
    "updated": 1532980024
  },
  {
    "id": "a22fac8f-2b90-4fe6-abd1-5fa7980a91f1",
    "data": [
      {
        "text": "I can\u0027t",
        "userDefined": false
      }
    ],
    "isTemplate": false,
    "count": 0,
    "updated": 1532980024
  },
  {
    "id": "406e3fc6-af72-4e88-8a0b-434ab6fa17c6",
    "data": [
      {
        "text": "nothing",
        "userDefined": false
      }
    ],
    "isTemplate": false,
    "count": 0,
    "updated": 1532980024
  },
  {
    "id": "3e2bb294-80a5-4b64-a51e-24d020736c71",
    "data": [
      {
        "text": "no that\u0027s okay",
        "userDefined": false
      }
    ],
    "isTemplate": false,
    "count": 0,
    "updated": 1532980024
  },
  {
    "id": "adb700c9-81e1-49f9-aa8d-0863f3cd1e00",
    "data": [
      {
        "text": "no not really",
        "userDefined": false
      }
    ],
    "isTemplate": false,
    "count": 0,
    "updated": 1532980024
  },
  {
    "id": "21e0f23b-bd17-49a3-a097-cfc3b15aedc0",
    "data": [
      {
        "text": "nope not really",
        "userDefined": false
      }
    ],
    "isTemplate": false,
    "count": 0,
    "updated": 1532980024
  },
  {
    "id": "2246e29a-ac52-42ab-97a4-d4168f13b237",
    "data": [
      {
        "text": "nope",
        "userDefined": false
      }
    ],
    "isTemplate": false,
    "count": 1,
    "updated": 1532980024
  },
  {
    "id": "581ae72b-fb37-4273-be96-ecb11a272e44",
    "data": [
      {
        "text": "thanks but not this time",
        "userDefined": false
      }
    ],
    "isTemplate": false,
    "count": 1,
    "updated": 1532980024
  },
  {
    "id": "517d6ede-b041-4309-a3a3-93e1d811a430",
    "data": [
      {
        "text": "I don\u0027t think so",
        "userDefined": false
      }
    ],
    "isTemplate": false,
    "count": 1,
    "updated": 1532980024
  },
  {
    "id": "4ad465d6-5233-423a-a79d-7d5cdfe7c990",
    "data": [
      {
        "text": "I disagree",
        "userDefined": false
      }
    ],
    "isTemplate": false,
    "count": 2,
    "updated": 1532980024
  },
  {
    "id": "c2a9af79-0041-4bdc-9c5b-489bd6ed77e7",
    "data": [
      {
        "text": "no maybe next time",
        "userDefined": false
      }
    ],
    "isTemplate": false,
    "count": 0,
    "updated": 1532980024
  },
  {
    "id": "4c4bd9f7-cb2f-4f1d-9419-6d6bc165a92b",
    "data": [
      {
        "text": "not this time",
        "userDefined": false
      }
    ],
    "isTemplate": false,
    "count": 0,
    "updated": 1532980024
  },
  {
    "id": "83c93222-afa2-429f-bd84-0a9825cd18b0",
    "data": [
      {
        "text": "no don\u0027t",
        "userDefined": false
      }
    ],
    "isTemplate": false,
    "count": 0,
    "updated": 1532980024
  },
  {
    "id": "b4e06bb8-9b8e-4df0-93c2-6624ed486bcc",
    "data": [
      {
        "text": "no we are good",
        "userDefined": false
      }
    ],
    "isTemplate": false,
    "count": 0,
    "updated": 1532980024
  },
  {
    "id": "2827d2de-e334-4479-b792-012caabcda39",
    "data": [
      {
        "text": "don\u0027t do it",
        "userDefined": false
      }
    ],
    "isTemplate": false,
    "count": 3,
    "updated": 1532980024
  },
  {
    "id": "a5f5113b-68d7-47e8-a8f4-bcfb7d1dec20",
    "data": [
      {
        "text": "no that\u0027s be all",
        "userDefined": false
      }
    ],
    "isTemplate": false,
    "count": 0,
    "updated": 1532980024
  },
  {
    "id": "64b8af6c-c5ad-40da-9372-15cf8b715211",
    "data": [
      {
        "text": "not right now",
        "userDefined": false
      }
    ],
    "isTemplate": false,
    "count": 0,
    "updated": 1532980024
  },
  {
    "id": "0042b3b3-93a0-4f37-bba6-6d392f1e49f6",
    "data": [
      {
        "text": "nothing else thanks",
        "userDefined": false
      }
    ],
    "isTemplate": false,
    "count": 0,
    "updated": 1532980024
  },
  {
    "id": "7895cc70-c6a5-4ab1-80d5-851006aa802c",
    "data": [
      {
        "text": "no thanks",
        "userDefined": false
      }
    ],
    "isTemplate": false,
    "count": 0,
    "updated": 1532980024
  },
  {
    "id": "43c3535d-faaa-4beb-a1e3-b4f278e99a67",
    "data": [
      {
        "text": "no that\u0027s ok",
        "userDefined": false
      }
    ],
    "isTemplate": false,
    "count": 1,
    "updated": 1532980024
  },
  {
    "id": "4ee7aea3-5a97-448f-ae4b-9c9d219e4652",
    "data": [
      {
        "text": "I don\u0027t want that",
        "userDefined": false
      }
    ],
    "isTemplate": false,
    "count": 0,
    "updated": 1532980024
  },
  {
    "id": "3ee9b2d9-6b7a-4c68-8435-8c941928b9bc",
    "data": [
      {
        "text": "definitely not",
        "userDefined": false
      }
    ],
    "isTemplate": false,
    "count": 3,
    "updated": 1532980024
  },
  {
    "id": "4fdb4e7e-9a07-4eaf-b15e-7de34f02aabf",
    "data": [
      {
        "text": "nothing else",
        "userDefined": false
      }
    ],
    "isTemplate": false,
    "count": 1,
    "updated": 1532980024
  },
  {
    "id": "9b4b56f1-ff77-4d5e-b38a-e045f87cc554",
    "data": [
      {
        "text": "not",
        "userDefined": false
      }
    ],
    "isTemplate": false,
    "count": 0,
    "updated": 1532980024
  },
  {
    "id": "1387bb7f-36ea-4a84-b632-53a2032f1fca",
    "data": [
      {
        "text": "not at all",
        "userDefined": false
      }
    ],
    "isTemplate": false,
    "count": 0,
    "updated": 1532980024
  },
  {
    "id": "3770830e-6c67-4bf4-970d-465d46131637",
    "data": [
      {
        "text": "no never",
        "userDefined": false
      }
    ],
    "isTemplate": false,
    "count": 0,
    "updated": 1532980024
  },
  {
    "id": "0f4594c7-6079-4cd9-aa42-c94624c12281",
    "data": [
      {
        "text": "never",
        "userDefined": false
      }
    ],
    "isTemplate": false,
    "count": 0,
    "updated": 1532980024
  },
  {
    "id": "5a449620-576e-4ca0-8e54-81c0e2424786",
    "data": [
      {
        "text": "no way no",
        "userDefined": false
      }
    ],
    "isTemplate": false,
    "count": 0,
    "updated": 1532980024
  },
  {
    "id": "e351b0e1-fdf2-457f-81ef-4995588f532d",
    "data": [
      {
        "text": "not really",
        "userDefined": false
      }
    ],
    "isTemplate": false,
    "count": 0,
    "updated": 1532980024
  },
  {
    "id": "d4282d54-71f6-49a9-86af-9687413e3fad",
    "data": [
      {
        "text": "nah",
        "userDefined": false
      }
    ],
    "isTemplate": false,
    "count": 2,
    "updated": 1532980024
  },
  {
    "id": "5166ebaa-ed5f-488e-bb50-e12efa047296",
    "data": [
      {
        "text": "I don\u0027t",
        "userDefined": false
      }
    ],
    "isTemplate": false,
    "count": 0,
    "updated": 1532980024
  },
  {
    "id": "5a3962c8-8cf9-4c66-8901-c62798fe88be",
    "data": [
      {
        "text": "I don\u0027t want",
        "userDefined": false
      }
    ],
    "isTemplate": false,
    "count": 0,
    "updated": 1532980024
  },
  {
    "id": "356e16dd-4059-45e8-96c8-50fc02df853a",
    "data": [
      {
        "text": "not ",
        "userDefined": false
      },
      {
        "text": "today",
        "meta": "@sys.ignore",
        "userDefined": false
      }
    ],
    "isTemplate": false,
    "count": 0,
    "updated": 1532980024
  },
  {
    "id": "2d690c72-1ed1-40d6-9ef9-88dfd3303d17",
    "data": [
      {
        "text": "not interested",
        "userDefined": false
      }
    ],
    "isTemplate": false,
    "count": 0,
    "updated": 1532980024
  },
  {
    "id": "2fa55321-1e6c-4b4d-9722-83162ddf148f",
    "data": [
      {
        "text": "no that\u0027s fine thank you",
        "userDefined": false
      }
    ],
    "isTemplate": false,
    "count": 0,
    "updated": 1532980024
  },
  {
    "id": "25ae28c6-d8c2-4c06-8ee8-86b1b72837d2",
    "data": [
      {
        "text": "I\u0027m not",
        "userDefined": false
      }
    ],
    "isTemplate": false,
    "count": 3,
    "updated": 1532980024
  }
]