[
  {
    "id": "171facac-9219-47bd-879a-3787f1673ee3",
    "data": [
      {
        "text": "want my name?",
        "userDefined": false
      }
    ],
    "isTemplate": false,
    "count": 0,
    "updated": 1533238221
  },
  {
    "id": "0df8f015-9998-4ee1-be6c-a251f2f96235",
    "data": [
      {
        "text": "I\u0027m ",
        "userDefined": false
      },
      {
        "text": "Michael",
        "alias": "firstName",
        "meta": "@sys.given-name",
        "userDefined": false
      }
    ],
    "isTemplate": false,
    "count": 0,
    "updated": 1533238221
  },
  {
    "id": "18d40dfa-e7a0-4d0b-94d6-2c14ac7c099e",
    "data": [
      {
        "text": "would you like to know my name?",
        "userDefined": false
      }
    ],
    "isTemplate": false,
    "count": 0,
    "updated": 1533238221
  },
  {
    "id": "c67a6738-047a-461c-8583-43081bca2ebc",
    "data": [
      {
        "text": "my name is ",
        "userDefined": false
      },
      {
        "text": "Diana",
        "alias": "firstName",
        "meta": "@sys.given-name",
        "userDefined": false
      }
    ],
    "isTemplate": false,
    "count": 0,
    "updated": 1533238221
  },
  {
    "id": "daf8b4c5-ff2a-4026-b91e-27a871a4c8e1",
    "data": [
      {
        "text": "my name is ",
        "userDefined": false
      },
      {
        "text": "Michael",
        "alias": "firstName",
        "meta": "@sys.given-name",
        "userDefined": false
      }
    ],
    "isTemplate": false,
    "count": 0,
    "updated": 1533238221
  }
]