[
  {
    "id": "9ded77f9-ef40-408b-82f3-d665be2cc22c",
    "data": [
      {
        "text": "I\u0027m ",
        "userDefined": false
      },
      {
        "text": "Michael",
        "alias": "firstName",
        "meta": "@sys.given-name",
        "userDefined": false
      }
    ],
    "isTemplate": false,
    "count": 0,
    "updated": 1533008645
  },
  {
    "id": "90e6e107-c127-4440-a701-d7efb2bbb31c",
    "data": [
      {
        "text": "would you like to know my name?",
        "userDefined": false
      }
    ],
    "isTemplate": false,
    "count": 0,
    "updated": 1533008645
  },
  {
    "id": "910d35ed-9cb3-4dfc-b90f-8f20da8be3f7",
    "data": [
      {
        "text": "my name is ",
        "userDefined": false
      },
      {
        "text": "Diana",
        "alias": "firstName",
        "meta": "@sys.given-name",
        "userDefined": false
      }
    ],
    "isTemplate": false,
    "count": 0,
    "updated": 1533008645
  },
  {
    "id": "b0089623-73f2-4a38-88cb-0d2191a65d9f",
    "data": [
      {
        "text": "my name is ",
        "userDefined": false
      },
      {
        "text": "Michael",
        "alias": "firstName",
        "meta": "@sys.given-name",
        "userDefined": false
      }
    ],
    "isTemplate": false,
    "count": 0,
    "updated": 1533008645
  }
]