[
  {
    "id": "dded3182-844f-4f3d-ac1a-867fb4d5efc1",
    "data": [
      {
        "text": "yes",
        "userDefined": false
      }
    ],
    "isTemplate": false,
    "count": 1,
    "updated": 1532979467
  },
  {
    "id": "8cdad747-efcc-46f0-a778-ecb8dabe4a8c",
    "data": [
      {
        "text": "okay I will",
        "userDefined": false
      }
    ],
    "isTemplate": false,
    "count": 2,
    "updated": 1532979467
  },
  {
    "id": "22b30444-50eb-4fb0-887b-534b1c3fb9d2",
    "data": [
      {
        "text": "why not",
        "userDefined": false
      }
    ],
    "isTemplate": false,
    "count": 0,
    "updated": 1532979467
  },
  {
    "id": "5aa79015-81c6-4ed3-9962-71e2f4b9870f",
    "data": [
      {
        "text": "yes that\u0027s alright",
        "userDefined": false
      }
    ],
    "isTemplate": false,
    "count": 0,
    "updated": 1532979467
  },
  {
    "id": "d9bb972a-c7c3-470a-8557-4561fbf0fb66",
    "data": [
      {
        "text": "yes I do",
        "userDefined": false
      }
    ],
    "isTemplate": false,
    "count": 0,
    "updated": 1532979467
  },
  {
    "id": "1ad29d13-b007-4d94-a98d-d089f061afe4",
    "data": [
      {
        "text": "exactly",
        "userDefined": false
      }
    ],
    "isTemplate": false,
    "count": 1,
    "updated": 1532979467
  },
  {
    "id": "c3111456-3a1b-4b87-93ad-b696c68ce61a",
    "data": [
      {
        "text": "of course",
        "userDefined": false
      }
    ],
    "isTemplate": false,
    "count": 0,
    "updated": 1532979467
  },
  {
    "id": "e6ea41e3-24eb-4104-866c-9e021d42f306",
    "data": [
      {
        "text": "yep that\u0027s ok",
        "userDefined": false
      }
    ],
    "isTemplate": false,
    "count": 0,
    "updated": 1532979467
  },
  {
    "id": "dbb48aac-8b37-48a3-a08a-845ab794bc51",
    "data": [
      {
        "text": "okay",
        "userDefined": false
      }
    ],
    "isTemplate": false,
    "count": 1,
    "updated": 1532979467
  },
  {
    "id": "6d4e65cb-d782-416f-b3eb-6c0bf60fbca9",
    "data": [
      {
        "text": "ok",
        "userDefined": false
      }
    ],
    "isTemplate": false,
    "count": 1,
    "updated": 1532979467
  },
  {
    "id": "a88e4916-cf64-4a07-a4cf-a00146699486",
    "data": [
      {
        "text": "for sure",
        "userDefined": false
      }
    ],
    "isTemplate": false,
    "count": 0,
    "updated": 1532979467
  },
  {
    "id": "d4a5e392-0540-4dfd-aac5-d2afae79bd70",
    "data": [
      {
        "text": "sg",
        "userDefined": false
      }
    ],
    "isTemplate": false,
    "count": 0,
    "updated": 1532979467
  },
  {
    "id": "614931a2-7e79-4764-8e83-4cce534b7cee",
    "data": [
      {
        "text": "yes that\u0027t ok",
        "userDefined": false
      }
    ],
    "isTemplate": false,
    "count": 0,
    "updated": 1532979467
  },
  {
    "id": "45417002-a817-4485-b51c-db5d90c5afc0",
    "data": [
      {
        "text": "I agree",
        "userDefined": false
      }
    ],
    "isTemplate": false,
    "count": 2,
    "updated": 1532979467
  },
  {
    "id": "47d6a6a6-96b4-4656-8d7e-3f7f534f65cf",
    "data": [
      {
        "text": "yes you can do it",
        "userDefined": false
      }
    ],
    "isTemplate": false,
    "count": 0,
    "updated": 1532979467
  },
  {
    "id": "dcb68bcc-d9c9-4896-9a94-0a8c4ef54692",
    "data": [
      {
        "text": "I don\u0027t mind",
        "userDefined": false
      }
    ],
    "isTemplate": false,
    "count": 3,
    "updated": 1532979467
  },
  {
    "id": "549bfaab-7647-4336-afbb-11cb78fa6afa",
    "data": [
      {
        "text": "that one works",
        "userDefined": false
      }
    ],
    "isTemplate": false,
    "count": 0,
    "updated": 1532979467
  },
  {
    "id": "83244fcf-64d0-44ac-90e6-49a209cdabfa",
    "data": [
      {
        "text": "that works",
        "userDefined": false
      }
    ],
    "isTemplate": false,
    "count": 0,
    "updated": 1532979467
  },
  {
    "id": "6e2d7979-2e5f-496c-b06a-c04621b05b67",
    "data": [
      {
        "text": "sure why not",
        "userDefined": false
      }
    ],
    "isTemplate": false,
    "count": 0,
    "updated": 1532979467
  },
  {
    "id": "d0bce500-bd5a-4d61-a51e-89b99f05ea34",
    "data": [
      {
        "text": "perfect",
        "userDefined": false
      }
    ],
    "isTemplate": false,
    "count": 0,
    "updated": 1532979467
  },
  {
    "id": "251c92ad-05df-4363-95ac-9f102cd1fb20",
    "data": [
      {
        "text": "yep that\u0027s right",
        "userDefined": false
      }
    ],
    "isTemplate": false,
    "count": 1,
    "updated": 1532979467
  },
  {
    "id": "35e0ef4a-7317-431a-a3e5-11b8349b96ad",
    "data": [
      {
        "text": "I think so",
        "userDefined": false
      }
    ],
    "isTemplate": false,
    "count": 0,
    "updated": 1532979467
  },
  {
    "id": "16e422b9-8f69-4bf7-a53c-151625a9980a",
    "data": [
      {
        "text": "yes I agree",
        "userDefined": false
      }
    ],
    "isTemplate": false,
    "count": 1,
    "updated": 1532979467
  },
  {
    "id": "119d212d-7849-4792-9832-4bfaf52c689c",
    "data": [
      {
        "text": "sure",
        "userDefined": false
      }
    ],
    "isTemplate": false,
    "count": 2,
    "updated": 1532979467
  },
  {
    "id": "9f9be5e9-4074-43f2-b3a3-995d9e39cf41",
    "data": [
      {
        "text": "sounds correct",
        "userDefined": false
      }
    ],
    "isTemplate": false,
    "count": 1,
    "updated": 1532979467
  },
  {
    "id": "1bd9658e-4421-4036-bccb-448f366cfba7",
    "data": [
      {
        "text": "sounds good",
        "userDefined": false
      }
    ],
    "isTemplate": false,
    "count": 0,
    "updated": 1532979467
  },
  {
    "id": "abfd10e6-1f28-423c-9990-1c08c69e5381",
    "data": [
      {
        "text": "that\u0027s correct",
        "userDefined": false
      }
    ],
    "isTemplate": false,
    "count": 0,
    "updated": 1532979467
  },
  {
    "id": "aa7e945b-2704-4c08-878b-fd70a6ef66df",
    "data": [
      {
        "text": "go ahead",
        "userDefined": false
      }
    ],
    "isTemplate": false,
    "count": 1,
    "updated": 1532979467
  },
  {
    "id": "ead0b9b5-34a3-4b72-a409-3208188a38ad",
    "data": [
      {
        "text": "do it",
        "userDefined": false
      }
    ],
    "isTemplate": false,
    "count": 1,
    "updated": 1532979467
  },
  {
    "id": "9b43f85e-6310-4bcd-8b12-850ef5b57b51",
    "data": [
      {
        "text": "it\u0027s fine",
        "userDefined": false
      }
    ],
    "isTemplate": false,
    "count": 0,
    "updated": 1532979467
  },
  {
    "id": "276d0bf2-a547-40ad-a9f6-eaef757e786c",
    "data": [
      {
        "text": "yeah",
        "userDefined": false
      }
    ],
    "isTemplate": false,
    "count": 0,
    "updated": 1532979467
  },
  {
    "id": "c55e8ab5-0610-46c9-83e7-768654371227",
    "data": [
      {
        "text": "yes please",
        "userDefined": false
      }
    ],
    "isTemplate": false,
    "count": 0,
    "updated": 1532979467
  },
  {
    "id": "5e50097a-d894-4034-a10a-e508de67f9a5",
    "data": [
      {
        "text": "it\u0027s okay",
        "userDefined": false
      }
    ],
    "isTemplate": false,
    "count": 0,
    "updated": 1532979467
  },
  {
    "id": "58dffee4-5e83-4fcd-a132-ea21d183e1b0",
    "data": [
      {
        "text": "alright why not",
        "userDefined": false
      }
    ],
    "isTemplate": false,
    "count": 0,
    "updated": 1532979467
  },
  {
    "id": "7d04503a-65ea-4d1a-9b37-920f682857ad",
    "data": [
      {
        "text": "alright",
        "userDefined": false
      }
    ],
    "isTemplate": false,
    "count": 0,
    "updated": 1532979467
  },
  {
    "id": "e844fcf1-4314-4732-b7de-ec7dbcc270da",
    "data": [
      {
        "text": "right",
        "userDefined": false
      }
    ],
    "isTemplate": false,
    "count": 0,
    "updated": 1532979467
  },
  {
    "id": "f9e22aa7-140b-46ec-aced-72f45f7221f8",
    "data": [
      {
        "text": "it looks perfect",
        "userDefined": false
      }
    ],
    "isTemplate": false,
    "count": 0,
    "updated": 1532979467
  },
  {
    "id": "57a74c1d-989b-4b07-a252-e4d67bf46cb7",
    "data": [
      {
        "text": "yes I can",
        "userDefined": false
      }
    ],
    "isTemplate": false,
    "count": 0,
    "updated": 1532979467
  },
  {
    "id": "ba877cf8-9687-467b-8424-303eeec47b84",
    "data": [
      {
        "text": "yup",
        "userDefined": false
      }
    ],
    "isTemplate": false,
    "count": 0,
    "updated": 1532979467
  },
  {
    "id": "b2c8ecb3-4c56-4ea4-bdd3-14bdc0a2ebb1",
    "data": [
      {
        "text": "yep",
        "userDefined": false
      }
    ],
    "isTemplate": false,
    "count": 0,
    "updated": 1532979467
  },
  {
    "id": "c922dc15-fefc-4a5f-8fc4-827ea8d3c2b7",
    "data": [
      {
        "text": "confirm",
        "userDefined": false
      }
    ],
    "isTemplate": false,
    "count": 1,
    "updated": 1532979467
  },
  {
    "id": "8fa917c4-1f14-42d4-ad8a-1e44597d1e0e",
    "data": [
      {
        "text": "absolutely",
        "userDefined": false
      }
    ],
    "isTemplate": false,
    "count": 1,
    "updated": 1532979467
  }
]