[
  {
    "id": "e11de5eb-f817-49de-b075-1f423f9f700e",
    "data": [
      {
        "text": "thanks but no",
        "userDefined": false
      }
    ],
    "isTemplate": false,
    "count": 0,
    "updated": 1532980024
  },
  {
    "id": "114ebe10-25d5-488c-b2a2-797bcda6d16a",
    "data": [
      {
        "text": "no way",
        "userDefined": false
      }
    ],
    "isTemplate": false,
    "count": 0,
    "updated": 1532980024
  },
  {
    "id": "56c2d327-ac4c-450f-9e70-1f282228e571",
    "data": [
      {
        "text": "no",
        "userDefined": false
      }
    ],
    "isTemplate": false,
    "count": 2,
    "updated": 1532980024
  },
  {
    "id": "23f2d819-e3c0-4ac9-92f3-e913565100fc",
    "data": [
      {
        "text": "no no don\u0027t",
        "userDefined": false
      }
    ],
    "isTemplate": false,
    "count": 0,
    "updated": 1532980024
  },
  {
    "id": "300027a3-6c13-476e-90ea-953304dba1ac",
    "data": [
      {
        "text": "na",
        "userDefined": false
      }
    ],
    "isTemplate": false,
    "count": 0,
    "updated": 1532980024
  },
  {
    "id": "69e03ae2-377d-4b72-820a-9e4441ba5aac",
    "data": [
      {
        "text": "no it isn\u0027t",
        "userDefined": false
      }
    ],
    "isTemplate": false,
    "count": 1,
    "updated": 1532980024
  },
  {
    "id": "a2441b4b-71da-4b77-898d-a43891ac43f4",
    "data": [
      {
        "text": "don\u0027t",
        "userDefined": false
      }
    ],
    "isTemplate": false,
    "count": 0,
    "updated": 1532980024
  },
  {
    "id": "c457454f-8333-45fe-926b-e73aa95d2708",
    "data": [
      {
        "text": "nah I\u0027m good",
        "userDefined": false
      }
    ],
    "isTemplate": false,
    "count": 1,
    "updated": 1532980024
  },
  {
    "id": "595c5e5d-93f3-43af-87d1-35181bdb66a1",
    "data": [
      {
        "text": "no I cannot",
        "userDefined": false
      }
    ],
    "isTemplate": false,
    "count": 1,
    "updated": 1532980024
  },
  {
    "id": "6893b10f-a391-40e4-8e45-7a73926ffe81",
    "data": [
      {
        "text": "I can\u0027t",
        "userDefined": false
      }
    ],
    "isTemplate": false,
    "count": 0,
    "updated": 1532980024
  },
  {
    "id": "3f07dca2-34b1-43cd-8ad8-4d888f84d146",
    "data": [
      {
        "text": "nothing",
        "userDefined": false
      }
    ],
    "isTemplate": false,
    "count": 0,
    "updated": 1532980024
  },
  {
    "id": "14ad6e4b-41fa-4ed2-8ed0-e650d213cd11",
    "data": [
      {
        "text": "no that\u0027s okay",
        "userDefined": false
      }
    ],
    "isTemplate": false,
    "count": 0,
    "updated": 1532980024
  },
  {
    "id": "6f6b9d86-2a95-43c3-8b94-48b32a1c19b5",
    "data": [
      {
        "text": "no not really",
        "userDefined": false
      }
    ],
    "isTemplate": false,
    "count": 0,
    "updated": 1532980024
  },
  {
    "id": "d9ea76d1-af06-4402-bbf5-be0f5860a53d",
    "data": [
      {
        "text": "nope not really",
        "userDefined": false
      }
    ],
    "isTemplate": false,
    "count": 0,
    "updated": 1532980024
  },
  {
    "id": "fcf9c353-a5a0-452b-90ef-721a56e003da",
    "data": [
      {
        "text": "nope",
        "userDefined": false
      }
    ],
    "isTemplate": false,
    "count": 1,
    "updated": 1532980024
  },
  {
    "id": "44aaec6e-8fd1-444f-886b-305cb9c0e48e",
    "data": [
      {
        "text": "thanks but not this time",
        "userDefined": false
      }
    ],
    "isTemplate": false,
    "count": 1,
    "updated": 1532980024
  },
  {
    "id": "e9bffa9e-cd49-4652-90c3-f9fa381d7505",
    "data": [
      {
        "text": "I don\u0027t think so",
        "userDefined": false
      }
    ],
    "isTemplate": false,
    "count": 1,
    "updated": 1532980024
  },
  {
    "id": "cf1eb913-2c1a-49ce-bf54-987149447135",
    "data": [
      {
        "text": "I disagree",
        "userDefined": false
      }
    ],
    "isTemplate": false,
    "count": 2,
    "updated": 1532980024
  },
  {
    "id": "fac0c0e8-6097-46a0-b655-83a4f1f0995f",
    "data": [
      {
        "text": "no maybe next time",
        "userDefined": false
      }
    ],
    "isTemplate": false,
    "count": 0,
    "updated": 1532980024
  },
  {
    "id": "91d8a1c9-cc86-45cb-8b8c-82de3d4b24d4",
    "data": [
      {
        "text": "not this time",
        "userDefined": false
      }
    ],
    "isTemplate": false,
    "count": 0,
    "updated": 1532980024
  },
  {
    "id": "e90e3d3f-f6d4-45ce-84fe-8b7861ae0de3",
    "data": [
      {
        "text": "no don\u0027t",
        "userDefined": false
      }
    ],
    "isTemplate": false,
    "count": 0,
    "updated": 1532980024
  },
  {
    "id": "39e9f5ff-af82-4910-a643-01bc082ee6a2",
    "data": [
      {
        "text": "no we are good",
        "userDefined": false
      }
    ],
    "isTemplate": false,
    "count": 0,
    "updated": 1532980024
  },
  {
    "id": "1a2a2529-3cc6-491a-be99-420af4e1072a",
    "data": [
      {
        "text": "don\u0027t do it",
        "userDefined": false
      }
    ],
    "isTemplate": false,
    "count": 3,
    "updated": 1532980024
  },
  {
    "id": "3d0f7016-81b1-4da8-93e2-43d25b407336",
    "data": [
      {
        "text": "no that\u0027s be all",
        "userDefined": false
      }
    ],
    "isTemplate": false,
    "count": 0,
    "updated": 1532980024
  },
  {
    "id": "abcf5db3-d530-42d4-b228-889357d83ce3",
    "data": [
      {
        "text": "not right now",
        "userDefined": false
      }
    ],
    "isTemplate": false,
    "count": 0,
    "updated": 1532980024
  },
  {
    "id": "fd9ad62e-40ec-4a1e-b59f-83fa4bfbbafa",
    "data": [
      {
        "text": "nothing else thanks",
        "userDefined": false
      }
    ],
    "isTemplate": false,
    "count": 0,
    "updated": 1532980024
  },
  {
    "id": "f5a21972-cac3-4111-9977-478e8d966990",
    "data": [
      {
        "text": "no thanks",
        "userDefined": false
      }
    ],
    "isTemplate": false,
    "count": 0,
    "updated": 1532980024
  },
  {
    "id": "114d22d3-743b-4afd-978e-6f288ba2eaa4",
    "data": [
      {
        "text": "no that\u0027s ok",
        "userDefined": false
      }
    ],
    "isTemplate": false,
    "count": 1,
    "updated": 1532980024
  },
  {
    "id": "1029443a-25cb-4653-ad06-b51802704fe4",
    "data": [
      {
        "text": "I don\u0027t want that",
        "userDefined": false
      }
    ],
    "isTemplate": false,
    "count": 0,
    "updated": 1532980024
  },
  {
    "id": "ae0e2696-e73b-4da3-923e-f595736fbf8e",
    "data": [
      {
        "text": "definitely not",
        "userDefined": false
      }
    ],
    "isTemplate": false,
    "count": 3,
    "updated": 1532980024
  },
  {
    "id": "8967e951-4c81-484b-83f9-b614c078f077",
    "data": [
      {
        "text": "nothing else",
        "userDefined": false
      }
    ],
    "isTemplate": false,
    "count": 1,
    "updated": 1532980024
  },
  {
    "id": "a4adbe17-d2d3-454c-9820-9b25b711ba46",
    "data": [
      {
        "text": "not",
        "userDefined": false
      }
    ],
    "isTemplate": false,
    "count": 0,
    "updated": 1532980024
  },
  {
    "id": "953827d9-b0f1-4e5b-8054-bbef9532261d",
    "data": [
      {
        "text": "not at all",
        "userDefined": false
      }
    ],
    "isTemplate": false,
    "count": 0,
    "updated": 1532980024
  },
  {
    "id": "a8e70406-81b3-4555-991e-6c935bd8b3bd",
    "data": [
      {
        "text": "no never",
        "userDefined": false
      }
    ],
    "isTemplate": false,
    "count": 0,
    "updated": 1532980024
  },
  {
    "id": "7f4f4aea-7a9d-496f-83a9-fa2b667fc5a5",
    "data": [
      {
        "text": "never",
        "userDefined": false
      }
    ],
    "isTemplate": false,
    "count": 0,
    "updated": 1532980024
  },
  {
    "id": "0949208b-8395-4230-b4d1-c32a4c3d9c9c",
    "data": [
      {
        "text": "no way no",
        "userDefined": false
      }
    ],
    "isTemplate": false,
    "count": 0,
    "updated": 1532980024
  },
  {
    "id": "d082933d-73a8-4b9f-93ad-7a5a0d9a05fe",
    "data": [
      {
        "text": "not really",
        "userDefined": false
      }
    ],
    "isTemplate": false,
    "count": 0,
    "updated": 1532980024
  },
  {
    "id": "ef5fc2ba-e9c7-411f-ae2f-b5ff51d7d83b",
    "data": [
      {
        "text": "nah",
        "userDefined": false
      }
    ],
    "isTemplate": false,
    "count": 2,
    "updated": 1532980024
  },
  {
    "id": "daafb4fb-7662-4cd2-9c03-00e86090ac0e",
    "data": [
      {
        "text": "I don\u0027t",
        "userDefined": false
      }
    ],
    "isTemplate": false,
    "count": 0,
    "updated": 1532980024
  },
  {
    "id": "d42ac829-c604-454f-b0bc-85e1446afe4b",
    "data": [
      {
        "text": "I don\u0027t want",
        "userDefined": false
      }
    ],
    "isTemplate": false,
    "count": 0,
    "updated": 1532980024
  },
  {
    "id": "9d927f4d-85d9-4eb3-b0f0-ff58053e0192",
    "data": [
      {
        "text": "not ",
        "userDefined": false
      },
      {
        "text": "today",
        "meta": "@sys.ignore",
        "userDefined": false
      }
    ],
    "isTemplate": false,
    "count": 0,
    "updated": 1532980024
  },
  {
    "id": "22131c43-2c9e-4971-95e7-d2a3c16d171d",
    "data": [
      {
        "text": "not interested",
        "userDefined": false
      }
    ],
    "isTemplate": false,
    "count": 0,
    "updated": 1532980024
  },
  {
    "id": "75a6aba0-e2e5-45f8-8bef-69ebcb156652",
    "data": [
      {
        "text": "no that\u0027s fine thank you",
        "userDefined": false
      }
    ],
    "isTemplate": false,
    "count": 0,
    "updated": 1532980024
  },
  {
    "id": "08855f78-3e65-4fd6-96d7-0c4cc7ae4dc6",
    "data": [
      {
        "text": "I\u0027m not",
        "userDefined": false
      }
    ],
    "isTemplate": false,
    "count": 3,
    "updated": 1532980024
  }
]