[
  {
    "id": "5049227e-2fa0-4d1f-b76b-1537f395781f",
    "data": [
      {
        "text": "stop",
        "userDefined": false
      }
    ],
    "isTemplate": false,
    "count": 0,
    "updated": 1529937635
  },
  {
    "id": "ce26aabb-1b50-4d45-9667-710750abd5e3",
    "data": [
      {
        "text": "no",
        "userDefined": false
      }
    ],
    "isTemplate": false,
    "count": 0,
    "updated": 1529937635
  },
  {
    "id": "8735dd99-65de-4406-b30a-e4349d283bbb",
    "data": [
      {
        "text": "i\u0027m good",
        "userDefined": false
      }
    ],
    "isTemplate": false,
    "count": 0,
    "updated": 1529937635
  },
  {
    "id": "f69be402-ac73-464a-a9e9-db0927258d8f",
    "data": [
      {
        "text": "shut up",
        "userDefined": false
      }
    ],
    "isTemplate": false,
    "count": 0,
    "updated": 1529937635
  },
  {
    "id": "0aac0748-d2b3-4329-8d1d-2513779a8f1d",
    "data": [
      {
        "text": "I\u0027m done",
        "userDefined": false
      }
    ],
    "isTemplate": false,
    "count": 0,
    "updated": 1529937635
  },
  {
    "id": "1676cac8-5147-45e1-87ff-aab5080c6bde",
    "data": [
      {
        "text": "stop it",
        "userDefined": false
      }
    ],
    "isTemplate": false,
    "count": 0,
    "updated": 1529937635
  },
  {
    "id": "ca66299d-5c79-4eb0-99b3-443472f52542",
    "data": [
      {
        "text": "be done",
        "userDefined": false
      }
    ],
    "isTemplate": false,
    "count": 0,
    "updated": 1529937635
  }
]