[
  {
    "id": "dff5cfdd-5346-4fc2-ae96-9a47cd7f87cd",
    "data": [
      {
        "text": "stop it",
        "userDefined": false
      }
    ],
    "isTemplate": false,
    "count": 0,
    "updated": 1529937635
  },
  {
    "id": "bb58d33c-70f5-4919-8989-a9738ad2df23",
    "data": [
      {
        "text": "shut up",
        "userDefined": false
      }
    ],
    "isTemplate": false,
    "count": 0,
    "updated": 1529937635
  },
  {
    "id": "37cb8c5c-2d79-4523-9e90-b3a9fae95e37",
    "data": [
      {
        "text": "be done",
        "userDefined": false
      }
    ],
    "isTemplate": false,
    "count": 0,
    "updated": 1529937635
  },
  {
    "id": "49058acc-a1cf-41ec-a238-0a3fb0525337",
    "data": [
      {
        "text": "i\u0027m good",
        "userDefined": false
      }
    ],
    "isTemplate": false,
    "count": 0,
    "updated": 1529937635
  },
  {
    "id": "39bd830d-1e4d-4b8e-b739-ccefe41e3864",
    "data": [
      {
        "text": "stop",
        "userDefined": false
      }
    ],
    "isTemplate": false,
    "count": 0,
    "updated": 1529937635
  },
  {
    "id": "6d452fe3-f5dc-49ac-a7dd-70e4a12ecdc3",
    "data": [
      {
        "text": "no",
        "userDefined": false
      }
    ],
    "isTemplate": false,
    "count": 0,
    "updated": 1529937635
  },
  {
    "id": "ceeeaaae-8fa0-40b4-90e7-d95251fbf65f",
    "data": [
      {
        "text": "I\u0027m done",
        "userDefined": false
      }
    ],
    "isTemplate": false,
    "count": 0,
    "updated": 1529937635
  }
]