[
  {
    "id": "fdbe124f-06ac-4950-b936-0070c87f88af",
    "data": [
      {
        "text": "What\u0027s happening in ",
        "userDefined": false
      },
      {
        "text": "Tamarind",
        "alias": "room",
        "meta": "@Rooms",
        "userDefined": true
      },
      {
        "text": "?",
        "userDefined": false
      }
    ],
    "isTemplate": false,
    "count": 0,
    "updated": 1533140197
  },
  {
    "id": "603c9d38-e8f3-4080-8451-4938eea800a9",
    "data": [
      {
        "text": "Where is ",
        "userDefined": false
      },
      {
        "text": "Cypress",
        "alias": "room",
        "meta": "@Rooms",
        "userDefined": false
      },
      {
        "text": "?",
        "userDefined": false
      }
    ],
    "isTemplate": false,
    "count": 0,
    "updated": 1533140197
  },
  {
    "id": "3a6e5eb2-3643-4424-a020-65e877ed19ba",
    "data": [
      {
        "text": "Where is ",
        "userDefined": false
      },
      {
        "text": "Wisconsin Dells",
        "alias": "city",
        "meta": "@sys.geo-city-us",
        "userDefined": true
      },
      {
        "text": "?",
        "userDefined": false
      }
    ],
    "isTemplate": false,
    "count": 0,
    "updated": 1533140197
  },
  {
    "id": "80d4f345-1e31-4a9d-9d6a-4c09b6449d23",
    "data": [
      {
        "text": "can you tell me about the ",
        "userDefined": false
      },
      {
        "text": "indoor waterpark",
        "alias": "room",
        "meta": "@Rooms",
        "userDefined": false
      },
      {
        "text": "?",
        "userDefined": false
      }
    ],
    "isTemplate": false,
    "count": 0,
    "updated": 1533140197
  },
  {
    "id": "13241ee9-bb12-4c37-8f0f-b353f2d87f0f",
    "data": [
      {
        "text": "What if I mention ",
        "userDefined": false
      },
      {
        "text": "Milwaukee",
        "alias": "city",
        "meta": "@sys.geo-city-us",
        "userDefined": true
      },
      {
        "text": " and ",
        "userDefined": false
      },
      {
        "text": "E",
        "alias": "room",
        "meta": "@Rooms",
        "userDefined": false
      },
      {
        "text": "?",
        "userDefined": false
      }
    ],
    "isTemplate": false,
    "count": 0,
    "updated": 1533140197
  },
  {
    "id": "569cda91-7761-4fff-8f0a-9bf7d32e43cf",
    "data": [
      {
        "text": "Tell me about entities",
        "userDefined": false
      }
    ],
    "isTemplate": false,
    "count": 0,
    "updated": 1533140197
  }
]