[
  {
    "id": "5c59e548-af05-40af-a59e-356455a7ea98",
    "data": [
      {
        "text": "can you tell me about the ",
        "userDefined": false
      },
      {
        "text": "indoor waterpark",
        "alias": "room",
        "meta": "@Rooms",
        "userDefined": false
      },
      {
        "text": "?",
        "userDefined": false
      }
    ],
    "isTemplate": false,
    "count": 0,
    "updated": 1532978336
  },
  {
    "id": "289061d8-7c84-41f7-8452-e289ab104a7d",
    "data": [
      {
        "text": "What if I mention ",
        "userDefined": false
      },
      {
        "text": "Milwaukee",
        "alias": "city",
        "meta": "@sys.geo-city-us",
        "userDefined": true
      },
      {
        "text": " and ",
        "userDefined": false
      },
      {
        "text": "E",
        "alias": "room",
        "meta": "@Rooms",
        "userDefined": false
      },
      {
        "text": "?",
        "userDefined": false
      }
    ],
    "isTemplate": false,
    "count": 0,
    "updated": 1532978336
  },
  {
    "id": "faf741e3-c6f5-465b-a3e7-e73ae99e587d",
    "data": [
      {
        "text": "Tell me about entities",
        "userDefined": false
      }
    ],
    "isTemplate": false,
    "count": 0,
    "updated": 1532978336
  },
  {
    "id": "c7ef6c51-7522-47f6-89be-b933211b264f",
    "data": [
      {
        "text": "Where is ",
        "userDefined": false
      },
      {
        "text": "Cypress",
        "alias": "room",
        "meta": "@Rooms",
        "userDefined": false
      },
      {
        "text": "?",
        "userDefined": false
      }
    ],
    "isTemplate": false,
    "count": 0,
    "updated": 1532978336
  },
  {
    "id": "b86ed66b-6d1a-4809-8e4f-a23b8e0c16b1",
    "data": [
      {
        "text": "What\u0027s happening in ",
        "userDefined": false
      },
      {
        "text": "Tamarind",
        "alias": "room",
        "meta": "@Rooms",
        "userDefined": true
      },
      {
        "text": "?",
        "userDefined": false
      }
    ],
    "isTemplate": false,
    "count": 0,
    "updated": 1532978336
  },
  {
    "id": "eb58e990-d415-44c8-8def-9435858c5ea6",
    "data": [
      {
        "text": "Where is ",
        "userDefined": false
      },
      {
        "text": "Wisconsin Dells",
        "alias": "city",
        "meta": "@sys.geo-city-us",
        "userDefined": true
      },
      {
        "text": "?",
        "userDefined": false
      }
    ],
    "isTemplate": false,
    "count": 0,
    "updated": 1532978336
  }
]