[
  {
    "id": "2b67d929-c728-4e12-bfcc-d5725ba0a062",
    "data": [
      {
        "text": "what can you do on a phone?",
        "userDefined": false
      }
    ],
    "isTemplate": false,
    "count": 0,
    "updated": 1532981689
  },
  {
    "id": "97ff4b44-67ef-4ace-b9fc-5bb65bbaf7fa",
    "data": [
      {
        "text": "google assistant",
        "userDefined": false
      }
    ],
    "isTemplate": false,
    "count": 0,
    "updated": 1532981689
  },
  {
    "id": "7d479757-ad0b-4f62-b40b-b119bcdb4095",
    "data": [
      {
        "text": "anything special from the Google Assistant?",
        "userDefined": false
      }
    ],
    "isTemplate": false,
    "count": 0,
    "updated": 1532981689
  }
]