[
  {
    "id": "fd31c0b8-faf3-4eae-9f61-2b73c3d6f0de",
    "data": [
      {
        "text": "simple response",
        "alias": "responseType",
        "meta": "@ResponseType",
        "userDefined": false
      }
    ],
    "isTemplate": false,
    "count": 0,
    "updated": 1533219760
  },
  {
    "id": "c4ef1a4a-67e5-4a96-b591-1518c30b2fb9",
    "data": [
      {
        "text": "google assistant",
        "userDefined": false
      }
    ],
    "isTemplate": false,
    "count": 0,
    "updated": 1533219480
  },
  {
    "id": "e93fc712-1b52-4aec-a68b-78290f538952",
    "data": [
      {
        "text": "anything special from the Google Assistant?",
        "userDefined": false
      }
    ],
    "isTemplate": false,
    "count": 0,
    "updated": 1533219480
  },
  {
    "id": "e0792c59-ad63-42f9-9aed-51d3453cd33d",
    "data": [
      {
        "text": "what does a ",
        "userDefined": false
      },
      {
        "text": "simple response",
        "alias": "responseType",
        "meta": "@ResponseType",
        "userDefined": false
      },
      {
        "text": " look like?",
        "userDefined": false
      }
    ],
    "isTemplate": false,
    "count": 0,
    "updated": 1533219760
  },
  {
    "id": "ddfefbfc-d95e-4d75-9218-569c06b4b59c",
    "data": [
      {
        "text": "text message",
        "alias": "responseType",
        "meta": "@ResponseType",
        "userDefined": false
      }
    ],
    "isTemplate": false,
    "count": 0,
    "updated": 1533223436
  },
  {
    "id": "7fd64ec8-4e36-45e4-ada7-894d52685b1e",
    "data": [
      {
        "text": "give me a ",
        "userDefined": false
      },
      {
        "text": "link",
        "alias": "responseType",
        "meta": "@ResponseType",
        "userDefined": false
      }
    ],
    "isTemplate": false,
    "count": 0,
    "updated": 1533219760
  },
  {
    "id": "49f7a581-f10a-41f8-bdc9-fb21cbd5bac8",
    "data": [
      {
        "text": "what does a ",
        "userDefined": false
      },
      {
        "text": "link out suggestion",
        "alias": "responseType",
        "meta": "@ResponseType",
        "userDefined": false
      },
      {
        "text": " look like?",
        "userDefined": false
      }
    ],
    "isTemplate": false,
    "count": 0,
    "updated": 1533219760
  },
  {
    "id": "d1a6f61b-9903-4977-a0c7-cb3a1dad4604",
    "data": [
      {
        "text": "show me a ",
        "userDefined": false
      },
      {
        "text": "card",
        "alias": "responseType",
        "meta": "@ResponseType",
        "userDefined": true
      }
    ],
    "isTemplate": false,
    "count": 0,
    "updated": 1533219760
  },
  {
    "id": "ca6ae731-107f-4c5f-b94b-6a5c5b4894a4",
    "data": [
      {
        "text": "what does a ",
        "userDefined": false
      },
      {
        "text": "basic card",
        "alias": "responseType",
        "meta": "@ResponseType",
        "userDefined": false
      },
      {
        "text": " look like?",
        "userDefined": false
      }
    ],
    "isTemplate": false,
    "count": 0,
    "updated": 1533219760
  },
  {
    "id": "aa883353-086c-4b39-bc7d-68efaade6526",
    "data": [
      {
        "text": "what can you do on a phone?",
        "userDefined": false
      }
    ],
    "isTemplate": false,
    "count": 0,
    "updated": 1533219480
  }
]